ID	Flow
0x25d	9
0x144	15
0x1c2	4
0x427	2
0x26f	4
0x2dd	4
0x27b	3
0x294	3
0x2ec	2
0x4a6	1
0x296	3
0x2a6	3
0x235	3
0x23a	3
0x2b0	3
0x261	3
0x28f	3
0x12d	3
0x3cd	1
0x275	3
0x287	3
0x2c0	3
0x248	3
0x323	2
0x151	2
0x4a5	2
0x3d9	1
0x43e	1
0x404	1
0x4d8	1
0x4e6	1
0x3da	1
0x42e	1
0x31e	1
0x511	1
0x426	1
second detection
0x25d	7
0x144	15
0x1c2	3
0x427	2
0x26f	3
0x2dd	3
0x27b	4
0x294	3
0x2ec	1
0x4a6	0
0x296	3
0x2a6	3
0x235	3
0x23a	3
0x2b0	3
0x261	3
0x28f	3
0x12d	3
0x3cd	0
0x275	3
0x287	3
0x2c0	3
0x248	3
0x323	2
0x151	2
0x4a5	2
0x3d9	2
0x43e	2
0x404	0
0x4d8	0
0x4e6	0
0x3da	0
0x42e	1
0x31e	2
0x511	0
0x426	0
0x41c	1
0x4d9	1
0x41a	1
0x31d	1
0x33f	1
0x4e1	1
0x4de	1
0x49a	1
0x421	1
0x409	1
